Name,Phone,Emails
SAINT RESTAURANT BAR & SPEAKEASY,(347) 588-9817,Lebedowiczg@gmail.com
Five Leaves,(718) 383-5345,fivepointstattoonyc@gmail.com
Yard House,(646) 434-2448,okiesyardhouse@gmail.com
Bijan's,(718) 855-5574,bijansnyc@gmail.com
Renaissance restaurant,(646) 838-7604,RenaissanceHarleminfo@gmail.com
Cloves Indian Cuisine,(646) 398-9444,clovesindian1@gmail.com
Saar Indian Cuisine & Bar,(646) 609-2142,saarmanagementnyc@gmail.com
Umbertos Clam House,(212) 431-7545,umbertosevents@gmail.com
Limani,(212) 858-9200,rudinabalajj@gmail.com
Jongro BBQ,(212) 473-2233,2secondlean@gmail.com
